SetSize called on parent-sized control on X-axis,/FrontEnd/FrontEndContainer/MainMenu/Lobby/LoadGameMenu/MainGrid/MainWindow/Grid/Grid/Stack/Grid/Stack/SortByPullDown/Grid/ScrollPanel
SetSize called on parent-sized control on X-axis,/FrontEnd/FrontEndContainer/MainMenu/Lobby/LoadGameMenu/MainGrid/MainWindow/Grid/Grid/Stack/Grid/Stack/DirectoryPullDown/Grid/ScrollPanel
SetSize called on parent-sized control on X-axis,/FrontEnd/FrontEndContainer/MainMenu/Lobby/LoadGameMenu/PopupRoot/PopupAlphaIn/PopupSlideIn/Grid/Grid/PopupStack
SetSize called on auto-sized control on Y-axis,/FrontEnd/FrontEndContainer/MainMenu/Lobby/LoadGameMenu/PopupRoot/PopupAlphaIn/PopupSlideIn/Grid/Grid/PopupStack
SetSize called on parent-sized control on Y-axis,/FrontEnd/FrontEndContainer/MainMenu/Lobby/LoadGameMenu/MainGrid/MainWindow/Grid/Grid/Stack/Grid/Stack/SortByPullDown/Grid/ScrollPanel
SetSize called on parent-sized control on X-axis,/FrontEnd/FrontEndContainer/MainMenu/HostGame/ModsMenu/MainGrid/MainWindow/InstalledTabPanel/Stack/Stack/ModGroupPullDown/Grid/ScrollPanel
SetSize called on parent-sized control on X-axis,/FrontEnd/FrontEndContainer/MainMenu/HostGame/ModsMenu/MainGrid/MainWindow/InstalledTabPanel/Grid/Stack/SortListingsPullDown/Grid/ScrollPanel
SetSize called on parent-sized control on Y-axis,/FrontEnd/FrontEndContainer/MainMenu/HostGame/ModsMenu/MainGrid/MainWindow/InstalledTabPanel/Grid/Stack/SortListingsPullDown/Grid/ScrollPanel
SetSize called on parent-sized control on X-axis,/FrontEnd/FrontEndContainer/MainMenu/HostGame/LoadGameMenu/MainGrid/MainWindow/Grid/Grid/Stack/Grid/Stack/SortByPullDown/Grid/ScrollPanel
SetSize called on parent-sized control on X-axis,/FrontEnd/FrontEndContainer/MainMenu/HostGame/LoadGameMenu/MainGrid/MainWindow/Grid/Grid/Stack/Grid/Stack/DirectoryPullDown/Grid/ScrollPanel
SetSize called on parent-sized control on X-axis,/FrontEnd/FrontEndContainer/MainMenu/HostGame/LoadGameMenu/PopupRoot/PopupAlphaIn/PopupSlideIn/Grid/Grid/PopupStack
SetSize called on auto-sized control on Y-axis,/FrontEnd/FrontEndContainer/MainMenu/HostGame/LoadGameMenu/PopupRoot/PopupAlphaIn/PopupSlideIn/Grid/Grid/PopupStack
SetSize called on parent-sized control on Y-axis,/FrontEnd/FrontEndContainer/MainMenu/HostGame/LoadGameMenu/MainGrid/MainWindow/Grid/Grid/Stack/Grid/Stack/SortByPullDown/Grid/ScrollPanel
SetSize called on parent-sized control on X-axis,/FrontEnd/FrontEndContainer/MainMenu/HostGame/PopupRoot/PopupAlphaIn/PopupSlideIn/Grid/Grid/PopupStack
SetSize called on auto-sized control on Y-axis,/FrontEnd/FrontEndContainer/MainMenu/HostGame/PopupRoot/PopupAlphaIn/PopupSlideIn/Grid/Grid/PopupStack
SetSize called on parent-sized control on X-axis,/FrontEnd/FrontEndContainer/MainMenu/StagingRoom/MainGrid/MainWindow/ChatContainer/Container/ChatPull/GridButton
SetSize called on parent-sized control on Y-axis,/FrontEnd/FrontEndContainer/MainMenu/StagingRoom/MainGrid/MainWindow/ChatContainer/Container/ChatPull/GridButton
SetSize called on parent-sized control on X-axis,/FrontEnd/FrontEndContainer/MainMenu/StagingRoom/MainGrid/MainWindow/ChatContainer/Container/ChatPull/Grid/ScrollPanel
SetSize called on parent-sized control on X-axis,/FrontEnd/FrontEndContainer/MainMenu/StagingRoom/PopupRoot/PopupAlphaIn/PopupSlideIn/Grid/Grid/PopupStack
SetSize called on auto-sized control on Y-axis,/FrontEnd/FrontEndContainer/MainMenu/StagingRoom/PopupRoot/PopupAlphaIn/PopupSlideIn/Grid/Grid/PopupStack
SetSize called on parent-sized control on X-axis,/FrontEnd/FrontEndContainer/MainMenu/LoadGameMenu/MainGrid/MainWindow/Grid/Grid/Stack/Grid/Stack/SortByPullDown/Grid/ScrollPanel
SetSize called on parent-sized control on X-axis,/FrontEnd/FrontEndContainer/MainMenu/LoadGameMenu/MainGrid/MainWindow/Grid/Grid/Stack/Grid/Stack/DirectoryPullDown/Grid/ScrollPanel
SetSize called on parent-sized control on X-axis,/FrontEnd/FrontEndContainer/MainMenu/LoadGameMenu/PopupRoot/PopupAlphaIn/PopupSlideIn/Grid/Grid/PopupStack
SetSize called on auto-sized control on Y-axis,/FrontEnd/FrontEndContainer/MainMenu/LoadGameMenu/PopupRoot/PopupAlphaIn/PopupSlideIn/Grid/Grid/PopupStack
SetSize called on parent-sized control on Y-axis,/FrontEnd/FrontEndContainer/MainMenu/LoadGameMenu/MainGrid/MainWindow/Grid/Grid/Stack/Grid/Stack/SortByPullDown/Grid/ScrollPanel
SetSize called on parent-sized control on X-axis,/FrontEnd/FrontEndContainer/MainMenu/SaveGameMenu/MainGrid/MainWindow/Grid/Grid/Stack/Grid/Stack/SortByPullDown/Grid/ScrollPanel
SetSize called on parent-sized control on X-axis,/FrontEnd/FrontEndContainer/MainMenu/SaveGameMenu/MainGrid/MainWindow/Grid/Grid/Stack/Grid/Stack/DirectoryPullDown/Grid/ScrollPanel
SetSize called on parent-sized control on Y-axis,/FrontEnd/FrontEndContainer/MainMenu/SaveGameMenu/MainGrid/MainWindow/Grid/Grid/Stack/Grid/Stack/SortByPullDown/Grid/ScrollPanel
SetSize called on parent-sized control on X-axis,/FrontEnd/FrontEndContainer/MainMenu/FrontEndPopup/PopupRoot/PopupAlphaIn/PopupSlideIn/Grid/Grid/PopupStack
SetSize called on auto-sized control on Y-axis,/FrontEnd/FrontEndContainer/MainMenu/FrontEndPopup/PopupRoot/PopupAlphaIn/PopupSlideIn/Grid/Grid/PopupStack
